[{"Date":"6 July","Time":"18:30","Match No":1,"Group":"A","Team A":"BRC","":"v","Team B":"CSC"},{"Date":"6 July","Time":"18:30","Match No":2,"Group":"B","Team A":"TOLLY","":"v","Team B":"DI"},{"Date":"6 July","Time":"18:30","Match No":3,"Group":"B","Team A":"SATC","":"v","Team B":"CC"},{"Date":"6 July","Time":"18:30","Match No":4,"Group":"A","Team A":"CPC","":"v","Team B":"CCFC"},{"Date":"6 July","Time":"20:00","Match No":5,"Group":"A","Team A":"BRC","":"v","Team B":"CCFC"},{"Date":"6 July","Time":"20:00","Match No":6,"Group":"A","Team A":"HC","":"v","Team B":"CSC"},{"Date":"6 July","Time":"20:00","Match No":7,"Group":"B","Team A":"TOLLY","":"v","Team B":"SATC"},{"Date":"6 July","Time":"20:00","Match No":8,"Group":"B","Team A":"CC","":"v","Team B":"CIC"},{"Date":"8 July","Time":"18:30","Match No":9,"Group":"A","Team A":"BRC","":"v","Team B":"RCGC WHITE"},{"Date":"8 July","Time":"18:30","Match No":10,"Group":"A","Team A":"CSC","":"v","Team B":"CCFC"},{"Date":"8 July","Time":"18:30","Match No":11,"Group":"B","Team A":"SATC","":"v","Team B":"RCGC RED"},{"Date":"8 July","Time":"18:30","Match No":12,"Group":"B","Team A":"DI","":"v","Team B":"CIC"},{"Date":"8 July","Time":"18:30","Match No":13,"Group":"A","Team A":"HC","":"v","Team B":"CPC"},{"Date":"8 July","Time":"20:00","Match No":14,"Group":"A","Team A":"CSC","":"v","Team B":"RCGC WHITE"},{"Date":"8 July","Time":"20:00","Match No":15,"Group":"A","Team A":"BRC","":"v","Team B":"CPC"},{"Date":"8 July","Time":"20:00","Match No":16,"Group":"B","Team A":"TOLLY","":"v","Team B":"RCGC RED"},{"Date":"8 July","Time":"20:00","Match No":17,"Group":"A","Team A":"HC","":"v","Team B":"CCFC"},{"Date":"9 July","Time":"18:30","Match No":18,"Group":"A","Team A":"CCFC","":"v","Team B":"RCGC WHITE"},{"Date":"9 July","Time":"18:30","Match No":19,"Group":"A","Team A":"HC","":"v","Team B":"BRC"},{"Date":"9 July","Time":"18:30","Match No":20,"Group":"B","Team A":"DI","":"v","Team B":"RCGC RED"},{"Date":"9 July","Time":"18:30","Match No":21,"Group":"B","Team A":"TOLLY","":"v","Team B":"CC"},{"Date":"9 July","Time":"18:30","Match No":22,"Group":"B","Team A":"SATC","":"v","Team B":"CIC"},{"Date":"9 July","Time":"20:00","Match No":23,"Group":"A","Team A":"CPC","":"v","Team B":"RCGC WHITE"},{"Date":"9 July","Time":"20:00","Match No":24,"Group":"B","Team A":"SATC","":"v","Team B":"DI"},{"Date":"9 July","Time":"20:00","Match No":25,"Group":"B","Team A":"CC","":"v","Team B":"RCGC RED"},{"Date":"9 July","Time":"20:00","Match No":26,"Group":"B","Team A":"TOLLY","":"v","Team B":"CIC"},{"Date":"10 July","Time":"18:30","Match No":27,"Group":"B","Team A":"CC","":"v","Team B":"DI"},{"Date":"10 July","Time":"18:30","Match No":28,"Group":"A","Team A":"HC","":"v","Team B":"RCGC WHITE"},{"Date":"10 July","Time":"18:30","Match No":29,"Group":"B","Team A":"CIC","":"v","Team B":"RCGC RED"},{"Date":"10 July","Time":"18:30","Match No":30,"Group":"A","Team A":"CSC","":"v","Team B":"CPC"},{"Date":"10 July","Time":"20:00","Match No":31,"Group":"Eliminator 1","Team A":"4-B","":"v","Team B":"5-A"},{"Date":"10 July","Time":"20:00","Match No":32,"Group":"Eliminator 2","Team A":"4-A","":"v","Team B":"5-B"},{"Date":"10 July","Time":"20:00","Match No":33,"Group":"Qualifier 1","Team A":"2-B","":"v","Team B":"3-A"},{"Date":"10 July","Time":"20:00","Match No":34,"Group":"Qualifier 2","Team A":"2-A","":"v","Team B":"3-B"},{"Date":"11 July","Time":"18:00","Match No":35,"Group":"Silver SF 1","Team A":"Winner E1","":"v","Team B":"Loser Q1"},{"Date":"11 July","Time":"18:00","Match No":36,"Group":"Silver SF 2","Team A":"Winner E2","":"v","Team B":"Loser Q2"},{"Date":"11 July","Time":"18:00","Match No":37,"Group":"Gold SF 1","Team A":"1-A","":"v","Team B":"Winner Q1"},{"Date":"11 July","Time":"18:00","Match No":38,"Group":"Gold SF 2","Team A":"1-B","":"v","Team B":"Winner Q2"},{"Date":"11 July","Time":"20:00","Match No":39,"Group":"Silver Finals","Team A":"Winner Silver SF 1","":"v","Team B":"Winner Silver SF 2"},{"Date":"11 July","Time":"20:00","Match No":40,"Group":"Gold FInals","Team A":"Winner Gold SF 1","":"v","Team B":"Winner Gold SF 2"}]